upi_transactions_count,upi_avg_monthly_amount,location_consistency,peer_attestations,customer_rating_avg,work_duration_months,aadhaar_verified,iwts_score,score_band
112,28856,0.83,3,3.2,26,1,87.56,HIGH
102,3573,0.65,1,2.7,16,0,58.28,MEDIUM
24,13808,0.84,3,2.2,36,1,64.81,MEDIUM
116,3599,0.98,0,2.9,28,0,61.38,MEDIUM
81,5033,0.92,1,1.5,54,0,60.86,MEDIUM
30,9428,0.61,2,4.8,29,1,60.54,MEDIUM
112,2304,0.81,0,3.9,47,0,63.21,MEDIUM
131,29006,0.21,1,4.8,12,1,68.97,MEDIUM
84,24752,0.88,1,1.9,37,0,59.41,MEDIUM
97,23261,0.9,0,4.5,30,0,63.81,MEDIUM
126,18685,0.71,0,4.2,23,0,64.62,MEDIUM
109,19925,0.81,0,3.7,16,1,68.55,MEDIUM
113,19435,0.6,1,3.5,14,1,67.03,MEDIUM
140,24193,0.63,0,2.3,10,0,64.34,MEDIUM
62,9633,0.96,2,4.3,7,1,72.41,HIGH
11,27652,0.69,1,1.6,45,0,37.45,LOW
97,12372,0.95,2,1.3,52,1,80.91,HIGH
47,28233,0.98,2,2.3,37,1,66.2,MEDIUM
139,29374,0.69,1,4.7,29,0,69.22,MEDIUM
30,9996,0.32,1,4.4,3,0,34.5,LOW
67,17458,0.62,1,4.9,15,0,52.61,MEDIUM
31,24365,0.95,0,3.5,36,0,47.41,MEDIUM
98,27751,0.64,0,2.0,47,0,56.41,MEDIUM
58,29500,0.62,2,1.7,46,1,74.4,HIGH
68,27665,0.65,0,1.7,52,1,61.21,MEDIUM
24,6475,0.8,0,1.1,19,0,28.88,LOW
60,25616,0.77,1,2.6,13,0,45.2,MEDIUM
117,27657,0.62,0,1.8,42,0,61.96,MEDIUM
64,8184,0.86,3,2.6,21,1,74.65,HIGH
73,23180,0.94,1,4.7,37,0,66.9,MEDIUM
140,24525,0.62,1,2.7,27,0,66.19,MEDIUM
60,13875,0.71,2,4.5,55,1,73.17,HIGH
144,2622,0.64,2,3.4,52,1,84.82,HIGH
30,16988,0.72,3,2.0,29,1,63.39,MEDIUM
82,9041,0.5,2,2.4,20,1,65.1,MEDIUM
27,17725,0.64,1,1.3,25,0,35.13,LOW
141,29628,0.58,2,2.3,6,1,83.09,HIGH
98,19458,0.87,3,3.7,36,1,87.31,HIGH
69,8992,0.33,1,1.3,2,0,36.22,LOW
23,16646,0.69,1,1.8,22,0,33.47,LOW
18,18029,0.65,0,1.8,32,0,32.55,LOW
99,5263,0.74,3,4.9,16,1,79.21,HIGH
62,26185,0.94,1,4.1,18,0,60.25,MEDIUM
139,15060,0.63,0,3.9,5,1,75.71,HIGH
93,23520,0.94,0,1.5,54,1,72.25,HIGH
101,16156,0.93,0,4.1,36,1,71.82,HIGH
120,9646,0.61,1,4.1,30,0,66.28,MEDIUM
17,28529,0.96,3,2.0,45,1,69.48,MEDIUM
44,27284,0.98,0,5.0,19,0,58.62,MEDIUM
90,12664,0.86,1,2.3,23,0,59.71,MEDIUM
59,3969,0.61,1,4.8,34,0,48.54,MEDIUM
113,4028,0.3,1,4.7,13,1,65.02,MEDIUM
141,25027,0.7,2,1.0,43,1,84.57,HIGH
11,20065,0.61,2,2.7,54,1,54.75,MEDIUM
143,4629,0.73,0,4.9,29,0,66.06,MEDIUM
63,21609,0.81,0,1.4,36,1,57.07,MEDIUM
115,4067,0.83,2,3.2,22,1,79.9,HIGH
13,6941,0.92,1,2.3,52,1,54.31,MEDIUM
63,18770,0.74,0,3.2,52,1,59.49,MEDIUM
53,29352,0.88,2,1.8,47,1,71.17,HIGH
23,20250,0.68,0,3.3,36,0,35.02,LOW
104,22172,0.85,0,1.8,9,0,52.05,MEDIUM
57,12555,0.9,1,3.1,39,0,57.81,MEDIUM
24,22874,0.69,0,1.3,51,0,38.78,LOW
49,14081,0.29,1,3.4,19,1,42.34,MEDIUM
91,21508,0.66,0,3.1,38,0,48.89,MEDIUM
120,25724,0.71,1,4.0,6,1,72.48,HIGH
62,21234,0.67,0,3.5,52,0,49.85,MEDIUM
33,22799,0.67,1,3.2,47,0,50.33,MEDIUM
133,27634,0.83,0,3.8,15,0,67.54,MEDIUM
50,25063,0.81,1,1.6,57,1,60.95,MEDIUM
24,7819,0.34,1,3.4,20,1,40.92,LOW
54,26712,0.49,1,1.7,9,0,39.16,LOW
74,25762,0.94,1,4.7,32,1,70.92,MEDIUM
98,12046,0.82,1,1.3,4,0,50.88,MEDIUM
80,26826,0.63,0,2.7,50,0,48.63,MEDIUM
18,18717,0.4,1,2.2,18,0,36.85,LOW
97,29769,0.44,1,2.8,5,1,63.65,MEDIUM
138,21534,0.79,1,1.4,20,0,66.5,MEDIUM
145,24150,0.88,0,3.2,23,0,75.05,HIGH
72,3711,0.74,1,3.6,11,0,49.2,MEDIUM
148,5853,0.88,3,3.8,37,1,100.0,HIGH
90,23596,0.81,0,2.5,22,0,54.83,MEDIUM
145,24863,0.86,0,3.3,58,1,84.8,HIGH
42,22792,0.54,1,2.8,4,0,40.66,LOW
132,27361,0.95,2,3.7,29,1,93.02,HIGH
14,8715,0.7,1,1.4,44,0,37.9,LOW
50,9942,0.78,0,3.1,34,0,45.44,MEDIUM
37,16507,0.58,1,2.0,13,1,47.79,MEDIUM
144,16826,0.97,3,1.0,42,1,98.48,HIGH
81,2762,0.34,0,1.7,9,0,41.67,MEDIUM
21,16850,0.86,0,1.5,42,1,52.32,MEDIUM
42,13112,0.76,1,2.8,31,0,47.38,MEDIUM
57,24485,0.36,1,3.4,7,0,38.84,LOW
71,25058,0.71,0,1.9,4,0,43.06,MEDIUM
46,13652,0.41,2,4.8,19,1,52.48,MEDIUM
108,7122,0.65,1,1.0,42,0,59.61,MEDIUM
113,1481,0.7,0,4.1,30,1,65.63,MEDIUM
44,15536,0.83,1,3.5,31,0,49.61,MEDIUM
110,1153,0.89,0,2.5,35,1,72.18,HIGH
140,8617,0.65,0,1.2,57,1,72.78,HIGH
10,2524,0.74,1,2.0,21,0,32.05,LOW
14,3120,0.84,2,2.4,31,1,50.83,MEDIUM
112,16048,0.56,1,4.7,19,0,65.27,MEDIUM
36,3343,0.82,0,3.2,31,0,38.55,LOW
146,6136,0.81,0,4.8,53,0,73.46,HIGH
24,23144,0.88,0,1.9,32,0,34.7,LOW
99,2240,0.85,0,3.9,2,0,54.38,MEDIUM
51,1060,0.93,3,3.5,59,1,76.01,HIGH
133,10130,0.73,0,4.0,52,0,69.37,MEDIUM
72,19023,0.92,0,1.9,10,1,55.63,MEDIUM
105,23569,0.82,2,3.7,2,1,80.19,HIGH
61,13312,0.41,0,3.0,2,0,28.28,LOW
105,14350,0.72,3,4.0,24,1,82.73,HIGH
141,25354,0.68,1,2.3,17,0,68.55,MEDIUM
38,13418,0.96,1,4.6,32,1,64.69,MEDIUM
45,29145,0.49,2,1.3,16,1,53.35,MEDIUM
22,2252,0.47,3,4.2,16,1,55.75,MEDIUM
80,21587,0.66,0,4.4,46,0,59.41,MEDIUM
95,9363,0.67,0,4.3,39,1,65.89,MEDIUM
37,10650,0.71,1,3.1,53,0,44.84,MEDIUM
75,20933,0.65,1,2.8,31,1,65.07,MEDIUM
54,21581,0.69,1,5.0,43,1,64.6,MEDIUM
71,24393,0.71,3,1.9,24,1,75.35,HIGH
143,24051,0.42,3,3.2,1,1,79.6,HIGH
37,19706,0.67,1,3.7,11,0,40.43,LOW
37,27212,0.64,1,3.8,55,0,50.61,MEDIUM
117,28691,0.38,1,1.8,21,1,59.58,MEDIUM
53,17314,0.57,2,3.6,4,1,56.49,MEDIUM
93,5090,0.35,0,4.3,7,0,41.42,MEDIUM
39,7960,0.93,1,1.2,26,0,46.16,MEDIUM
84,4004,0.66,0,4.6,47,0,51.36,MEDIUM
137,22520,0.9,1,1.1,50,0,72.19,HIGH
101,17713,1.0,3,2.4,12,1,87.98,HIGH
138,4640,0.62,0,1.1,31,1,67.51,MEDIUM
130,29470,0.47,1,1.3,17,0,61.41,MEDIUM
36,25366,0.98,0,4.6,33,0,49.83,MEDIUM
130,21491,0.27,1,2.4,11,0,53.76,MEDIUM
125,2341,0.88,1,2.7,28,0,68.84,MEDIUM
12,12855,0.6,1,2.9,32,0,40.77,LOW
112,25791,0.8,1,3.4,1,0,63.17,MEDIUM
146,1338,0.91,2,3.4,47,1,92.8,HIGH
71,6895,0.81,1,2.5,28,1,66.53,MEDIUM
60,13254,0.91,3,2.3,53,1,76.15,HIGH
68,20092,0.81,0,4.5,42,0,56.42,MEDIUM
127,12344,0.2,1,2.5,7,0,52.68,MEDIUM
105,2750,0.44,1,3.0,2,0,47.23,MEDIUM
122,22988,0.86,2,2.1,42,1,86.97,HIGH
71,3421,0.58,0,4.1,24,0,49.8,MEDIUM
61,8119,0.51,1,2.6,4,0,42.78,MEDIUM
21,26285,0.91,3,3.1,44,1,70.6,MEDIUM
48,6319,0.98,1,2.0,19,0,48.62,MEDIUM
139,16896,0.76,1,5.0,26,1,83.37,HIGH
140,23993,0.79,3,2.2,11,1,86.43,HIGH
122,22771,0.6,1,4.1,40,0,72.64,HIGH
110,12918,0.94,1,2.7,50,1,84.78,HIGH
122,29218,0.75,1,1.8,43,0,66.71,MEDIUM
90,21377,0.27,0,4.2,11,1,53.52,MEDIUM
122,26064,0.8,0,2.3,45,0,66.09,MEDIUM
11,25428,0.83,2,1.4,3,1,54.12,MEDIUM
139,14849,0.89,1,4.7,12,0,76.58,HIGH
63,25622,0.69,3,4.4,3,1,71.02,HIGH
96,28935,0.6,1,1.1,42,1,65.22,MEDIUM
138,5873,0.8,2,4.1,27,1,88.65,HIGH
135,5806,0.99,0,2.6,49,0,70.88,MEDIUM
139,9592,0.71,1,4.5,54,0,76.7,HIGH
62,13182,0.38,2,3.6,2,1,54.25,MEDIUM
77,23297,0.76,1,4.3,49,0,61.58,MEDIUM
132,24508,0.5,3,3.0,16,1,79.66,HIGH
47,20541,0.48,1,3.1,2,0,39.87,LOW
33,29921,0.87,2,1.6,54,1,65.92,MEDIUM
78,17774,0.93,0,4.1,30,0,63.48,MEDIUM
125,13045,0.86,1,2.7,20,1,75.01,HIGH
107,5430,0.77,0,3.0,38,1,70.39,MEDIUM
148,9820,0.72,2,4.1,28,1,88.63,HIGH
106,25070,0.98,0,3.4,25,1,81.61,HIGH
133,5232,0.87,1,1.8,32,0,70.83,MEDIUM
79,12122,0.83,0,3.4,10,1,61.59,MEDIUM
102,16023,0.65,1,2.6,42,0,60.41,MEDIUM
12,9007,0.63,0,1.0,40,0,25.99,LOW
99,18905,0.79,1,1.1,33,1,70.42,MEDIUM
105,10018,0.6,0,1.8,13,0,44.16,MEDIUM
61,2500,0.69,0,2.1,56,0,41.47,MEDIUM
137,7737,0.7,0,3.9,41,0,69.9,MEDIUM
48,4294,0.95,2,1.0,54,1,61.21,MEDIUM
91,22469,0.64,1,2.6,42,0,57.66,MEDIUM
113,19803,0.89,1,4.7,47,0,71.77,HIGH
138,26510,0.71,0,1.4,37,1,73.37,HIGH
20,20426,0.9,0,3.1,54,1,55.42,MEDIUM
51,5497,0.37,1,4.1,16,0,41.38,MEDIUM
108,18850,0.89,2,4.8,45,1,92.08,HIGH
16,20945,0.46,1,1.2,22,0,26.58,LOW
99,1614,0.6,0,3.9,57,0,54.94,MEDIUM
121,22776,0.32,1,4.3,20,0,70.42,MEDIUM
69,25077,0.8,3,2.8,50,1,78.36,HIGH
122,10374,0.66,1,4.2,43,0,65.76,MEDIUM
11,20607,0.95,1,1.8,27,1,50.09,MEDIUM
138,24522,0.95,1,4.7,41,1,91.75,HIGH
57,3667,0.66,1,2.8,16,0,43.12,MEDIUM
149,25364,0.77,3,3.2,34,1,96.1,HIGH
46,14409,0.78,1,2.0,32,1,56.9,MEDIUM
18,17514,0.72,3,2.6,26,1,59.14,MEDIUM
108,3983,0.89,3,1.3,25,1,78.33,HIGH
57,21662,0.92,3,4.5,2,1,75.91,HIGH
140,24510,0.86,1,4.3,12,0,75.94,HIGH
63,13651,0.74,1,1.9,40,1,62.59,MEDIUM
129,9230,0.96,0,4.2,9,0,62.24,MEDIUM
125,25078,0.86,1,4.1,12,0,71.98,HIGH
84,29535,0.71,1,3.5,26,0,53.12,MEDIUM
122,7640,0.3,1,2.5,9,0,49.97,MEDIUM
113,12779,0.58,0,2.1,10,0,52.34,MEDIUM
93,22852,0.77,0,1.9,32,0,57.67,MEDIUM
121,16317,0.64,2,2.3,57,1,82.85,HIGH
108,18304,0.9,1,4.6,34,1,83.57,HIGH
102,8564,0.61,1,1.3,48,1,65.94,MEDIUM
137,28345,0.3,1,4.3,20,0,61.07,MEDIUM
119,16520,0.86,3,2.4,39,1,97.46,HIGH
91,29687,0.95,0,3.1,2,1,69.93,MEDIUM
63,26068,0.9,2,4.2,1,1,67.19,MEDIUM
77,14737,0.67,1,4.5,51,0,54.66,MEDIUM
42,10323,0.69,3,2.4,36,1,63.1,MEDIUM
30,16229,0.2,1,2.8,24,0,32.71,LOW
57,12713,0.85,3,2.7,54,1,76.05,HIGH
137,9502,1.0,0,1.1,27,0,60.25,MEDIUM
145,26314,0.49,1,2.2,2,0,61.62,MEDIUM
144,20625,0.91,1,2.8,31,0,77.09,HIGH
137,1545,0.69,1,2.6,57,1,73.23,HIGH
42,28037,0.35,1,3.9,14,1,48.43,MEDIUM
124,5346,0.37,1,2.5,2,0,48.31,MEDIUM
128,10996,0.67,1,3.0,29,1,70.24,MEDIUM
31,28788,0.8,0,2.7,15,0,44.53,MEDIUM
47,16775,0.7,1,4.0,12,0,43.39,MEDIUM
118,14919,0.95,0,4.5,37,1,78.04,HIGH
60,4810,0.78,3,3.1,28,1,68.58,MEDIUM
17,8206,0.34,0,1.0,20,1,28.99,LOW
36,10005,0.65,1,2.2,39,0,47.3,MEDIUM
36,17371,0.83,0,3.2,24,0,38.77,LOW
30,13316,0.41,2,2.4,21,1,46.78,MEDIUM
39,19416,0.34,0,2.7,10,0,28.42,LOW
106,29989,0.94,1,3.9,46,1,81.59,HIGH
37,9436,0.69,1,4.5,14,0,43.05,MEDIUM
120,13984,0.93,1,1.5,37,1,80.68,HIGH
70,1271,0.38,1,3.5,18,1,49.62,MEDIUM
57,20895,0.39,0,3.3,24,0,36.32,LOW
13,19155,0.38,1,1.9,14,1,35.23,LOW
44,26838,0.99,1,1.8,34,1,63.16,MEDIUM
58,11616,0.96,1,2.2,58,0,59.07,MEDIUM
26,5361,0.88,2,1.7,12,1,56.26,MEDIUM
55,8069,0.78,0,2.0,22,0,47.57,MEDIUM
126,18304,0.94,1,2.1,56,1,77.37,HIGH
15,25574,0.52,0,1.7,6,0,24.38,LOW
108,4430,0.62,0,4.0,36,1,62.47,MEDIUM
133,21819,0.64,1,3.3,45,1,79.72,HIGH
46,13676,0.83,0,4.9,36,1,62.14,MEDIUM
33,11816,0.59,3,2.7,22,1,62.07,MEDIUM
102,21144,0.34,1,4.0,14,0,56.01,MEDIUM
55,3050,0.51,1,4.5,16,0,47.06,MEDIUM
104,12692,0.81,1,3.7,36,0,65.43,MEDIUM
108,2165,0.78,0,2.6,56,0,64.62,MEDIUM
125,25951,0.76,1,4.0,25,0,75.68,HIGH
76,3033,0.77,1,1.8,32,0,52.52,MEDIUM
137,23851,0.83,1,2.3,33,0,76.66,HIGH
27,1145,0.6,2,3.2,45,1,55.2,MEDIUM
34,15269,0.7,2,3.3,36,1,64.52,MEDIUM
63,21772,0.35,0,1.1,20,1,42.48,MEDIUM
67,8832,0.7,2,4.8,18,1,66.05,MEDIUM
76,26007,0.81,1,3.8,38,0,58.09,MEDIUM
113,26280,0.87,1,3.0,3,0,64.87,MEDIUM
33,25557,0.7,0,4.7,23,0,42.69,MEDIUM
123,15286,0.89,3,2.8,32,1,87.86,HIGH
41,3632,0.67,1,4.9,45,0,48.34,MEDIUM
95,5494,0.82,2,3.0,59,1,78.34,HIGH
136,16152,0.5,1,1.5,16,0,56.09,MEDIUM
139,25440,0.89,0,4.1,59,0,80.97,HIGH
26,24895,0.72,1,3.7,5,0,45.02,MEDIUM
113,10155,0.6,1,4.1,4,0,61.67,MEDIUM
146,11426,0.41,1,4.8,21,1,75.96,HIGH
52,11233,0.78,3,4.1,40,1,73.32,HIGH
48,2828,0.61,1,3.4,51,0,43.93,MEDIUM
35,27684,0.89,3,4.4,14,1,72.3,HIGH
108,13260,0.78,1,3.7,39,0,67.25,MEDIUM
59,10130,0.72,1,2.6,31,0,57.65,MEDIUM
22,5805,0.85,0,4.5,14,0,41.98,MEDIUM
69,1806,0.69,0,1.9,6,0,40.42,LOW
144,27039,0.89,2,3.9,12,1,91.78,HIGH
66,24870,0.51,0,4.5,16,0,47.38,MEDIUM
45,28991,0.96,1,3.9,17,0,52.2,MEDIUM
29,9202,0.97,0,3.8,45,1,60.65,MEDIUM
74,2868,0.28,0,4.0,23,0,34.12,LOW
17,15561,0.73,2,1.1,14,1,47.45,MEDIUM
124,16512,0.95,1,4.5,7,0,66.76,MEDIUM
101,25262,0.65,1,1.8,46,0,62.63,MEDIUM
107,15899,0.86,1,1.5,32,0,64.18,MEDIUM
75,23074,0.42,0,2.1,15,0,37.48,LOW
41,25211,0.62,0,3.1,44,0,39.54,LOW
95,17220,0.4,0,3.0,17,0,49.02,MEDIUM
60,16934,0.78,0,4.3,41,1,61.39,MEDIUM
72,6429,0.82,1,2.6,54,0,55.46,MEDIUM
134,10076,0.72,2,2.9,47,1,91.63,HIGH
67,4564,0.78,0,1.1,44,1,53.76,MEDIUM
67,2389,0.67,0,2.6,34,0,47.57,MEDIUM
95,12593,0.38,0,3.6,5,1,49.64,MEDIUM
58,8274,0.72,1,1.1,45,0,46.63,MEDIUM
79,29897,0.85,3,2.1,27,1,80.24,HIGH
24,18208,0.72,0,1.8,52,0,37.96,LOW
63,19649,0.28,0,1.2,23,1,42.28,MEDIUM
110,18320,0.96,3,2.9,40,1,89.43,HIGH
17,28376,0.85,0,1.9,59,0,37.61,LOW
62,11745,0.24,0,4.0,14,1,47.76,MEDIUM
69,23786,0.23,1,4.4,15,0,41.18,MEDIUM
117,15199,0.78,1,3.2,43,0,69.75,MEDIUM
14,21229,0.62,0,1.5,33,0,32.24,LOW
112,16876,0.8,0,2.8,53,0,65.01,MEDIUM
15,19180,0.91,0,1.7,31,0,35.3,LOW
118,9245,0.71,2,5.0,35,1,87.37,HIGH
125,8214,0.61,3,1.9,17,1,80.62,HIGH
103,1726,0.92,0,4.8,28,1,73.41,HIGH
56,20120,0.57,1,1.2,19,0,42.04,MEDIUM
108,14832,0.7,0,2.8,46,1,74.27,HIGH
64,12362,0.93,0,1.3,54,1,59.61,MEDIUM
61,19297,0.95,1,3.9,23,1,69.39,MEDIUM
22,27172,0.63,3,3.4,32,1,60.34,MEDIUM
123,11106,0.95,2,3.8,40,1,83.96,HIGH
133,8657,0.53,1,2.5,13,0,53.86,MEDIUM
115,19850,0.8,0,2.5,59,0,62.53,MEDIUM
129,28313,0.86,0,1.2,20,1,71.42,HIGH
72,26425,0.72,0,2.4,35,0,56.53,MEDIUM
28,27685,0.54,1,4.7,5,0,41.9,MEDIUM
101,24696,0.27,3,2.5,9,1,69.42,MEDIUM
67,15551,0.71,1,4.3,29,1,62.87,MEDIUM
99,25578,0.92,0,4.4,6,0,61.47,MEDIUM
126,29831,0.77,1,2.5,25,1,85.89,HIGH
71,8906,1.0,1,3.5,31,0,57.09,MEDIUM
32,29645,0.98,1,1.4,22,0,49.42,MEDIUM
136,22260,0.73,0,1.4,2,1,73.52,HIGH
146,8287,0.69,1,1.2,45,0,72.04,HIGH
149,1892,0.4,1,3.3,5,0,65.29,MEDIUM
138,11222,0.64,1,2.7,27,0,67.27,MEDIUM
67,28736,0.83,0,3.2,25,1,63.77,MEDIUM
131,27952,0.97,1,3.1,8,1,83.92,HIGH
10,5675,0.8,0,2.4,55,1,48.0,MEDIUM
43,2933,0.92,0,3.7,1,1,48.99,MEDIUM
105,18764,0.46,1,4.0,20,0,58.94,MEDIUM
135,12873,0.81,2,1.1,44,1,85.61,HIGH
127,18674,0.58,1,1.8,23,1,71.29,HIGH
57,19024,0.87,3,3.9,32,1,81.69,HIGH
98,14239,0.59,0,2.5,11,1,57.24,MEDIUM
126,24874,0.71,0,3.6,39,0,69.65,MEDIUM
138,11874,0.96,1,2.4,47,0,81.05,HIGH
25,26563,0.77,1,2.6,54,0,50.35,MEDIUM
78,18602,0.33,1,1.6,24,1,49.45,MEDIUM
31,6016,0.23,3,2.0,11,1,46.13,MEDIUM
102,24265,0.65,0,3.4,29,0,62.42,MEDIUM
85,26931,0.9,0,2.7,54,1,65.83,MEDIUM
95,29841,0.86,3,4.1,26,1,86.26,HIGH
38,14774,0.5,1,4.4,16,0,43.9,MEDIUM
78,29711,0.73,0,3.2,35,0,53.51,MEDIUM
56,10752,0.51,0,4.0,20,1,51.79,MEDIUM
103,26994,0.85,0,2.2,46,1,76.58,HIGH
94,18338,0.42,1,2.7,3,1,58.3,MEDIUM
48,16585,0.94,1,3.9,1,0,52.46,MEDIUM
109,26559,0.69,0,2.5,58,0,62.46,MEDIUM
42,8291,0.78,0,3.4,53,0,46.89,MEDIUM
110,1974,0.96,1,1.7,47,0,73.55,HIGH
32,5133,0.99,3,3.4,1,1,65.28,MEDIUM
19,15663,0.74,1,2.0,17,0,36.09,LOW
78,22754,0.45,1,4.5,2,0,51.59,MEDIUM
109,4972,0.65,3,3.9,29,1,78.87,HIGH
43,6295,0.41,1,4.0,20,1,46.1,MEDIUM
147,14913,0.64,3,3.2,6,1,85.46,HIGH
105,10105,0.71,1,3.3,8,0,57.55,MEDIUM
10,9228,0.75,0,1.2,29,1,38.75,LOW
78,28963,0.93,3,2.8,48,1,86.99,HIGH
13,10903,0.99,0,2.9,51,0,42.06,MEDIUM
25,4020,0.78,0,4.8,33,0,43.12,MEDIUM
33,9987,0.34,1,2.7,3,1,41.69,MEDIUM
89,21420,0.8,0,3.2,35,0,55.15,MEDIUM
11,22452,0.46,3,2.3,5,1,50.5,MEDIUM
137,13880,0.83,0,3.5,27,1,80.93,HIGH
93,6233,0.97,1,4.0,44,0,62.75,MEDIUM
149,28687,0.63,2,1.9,12,1,83.78,HIGH
133,10516,0.78,0,3.1,20,0,62.01,MEDIUM
42,15559,0.94,1,4.3,45,0,60.59,MEDIUM
110,17701,0.75,1,2.9,20,0,61.16,MEDIUM
21,3396,0.27,0,2.1,9,1,24.04,LOW
76,19546,0.67,0,3.6,39,0,51.64,MEDIUM
74,20129,0.59,1,4.3,4,0,47.78,MEDIUM
83,2591,0.77,1,1.3,51,1,68.19,MEDIUM
52,12303,0.79,0,4.1,54,1,58.47,MEDIUM
53,7183,0.53,3,4.3,19,1,63.97,MEDIUM
38,21314,0.92,2,2.8,38,1,71.63,HIGH
21,27572,0.84,0,4.9,27,0,47.53,MEDIUM
104,2312,0.86,1,4.1,45,0,69.23,MEDIUM
55,26861,1.0,0,4.1,43,0,57.05,MEDIUM
139,21695,0.32,0,4.0,13,1,67.1,MEDIUM
44,8314,0.28,0,1.6,13,1,36.46,LOW
90,19767,0.63,1,1.9,57,0,55.61,MEDIUM
99,20623,0.9,3,2.9,22,1,87.0,HIGH
17,3139,0.69,1,2.5,28,1,42.87,MEDIUM
102,15688,0.76,0,2.7,52,0,61.77,MEDIUM
99,19088,0.74,0,4.6,47,0,59.04,MEDIUM
124,7924,0.61,3,4.3,53,1,94.88,HIGH
114,1362,0.64,1,3.5,45,1,75.74,HIGH
144,19988,0.91,1,4.4,22,1,84.18,HIGH
67,27292,0.87,1,4.1,43,0,62.24,MEDIUM
123,14481,0.36,1,2.7,19,0,53.61,MEDIUM
84,21670,0.9,0,1.8,8,0,49.63,MEDIUM
129,4738,0.95,1,3.1,52,0,76.15,HIGH
30,3469,0.45,1,3.9,8,0,30.49,LOW
147,22179,0.81,0,2.7,42,1,84.31,HIGH
110,23534,0.82,3,3.7,26,1,89.94,HIGH
108,17106,0.7,1,1.4,48,1,73.12,HIGH
45,17940,0.91,1,4.0,51,0,57.28,MEDIUM
105,10017,0.9,0,4.3,26,0,64.73,MEDIUM
46,3808,0.63,0,3.8,23,0,41.25,MEDIUM
21,17370,0.84,2,4.9,43,1,66.47,MEDIUM
122,22534,0.88,1,4.3,13,0,67.49,MEDIUM
22,15870,0.69,1,4.6,28,0,41.17,MEDIUM
32,13713,0.87,1,4.7,9,1,56.75,MEDIUM
108,8561,0.21,0,4.2,20,0,40.51,LOW
114,3719,0.64,1,3.7,56,1,76.53,HIGH
39,23890,0.81,1,1.0,19,0,47.67,MEDIUM
26,12700,0.63,0,2.9,48,0,40.91,LOW
122,4741,0.84,3,3.3,39,1,91.88,HIGH
71,10766,0.93,2,2.2,51,1,76.85,HIGH
93,4998,0.58,3,2.3,12,1,76.55,HIGH
121,27705,0.6,3,4.8,15,1,88.79,HIGH
95,19787,0.94,2,4.6,31,1,86.84,HIGH
28,28905,0.79,0,4.4,55,1,53.82,MEDIUM
109,17077,0.71,1,2.6,14,0,63.86,MEDIUM
149,26164,0.82,1,1.1,11,0,71.72,HIGH
85,27588,0.91,1,1.3,26,1,69.4,MEDIUM
18,27123,0.98,1,1.2,42,0,45.79,MEDIUM
37,1294,0.71,2,1.1,27,1,51.8,MEDIUM
137,11177,0.2,0,1.1,11,0,48.55,MEDIUM
61,22727,0.76,0,4.7,38,1,62.67,MEDIUM
92,28693,0.97,0,3.8,34,0,62.72,MEDIUM
120,10882,0.74,0,2.2,43,0,58.67,MEDIUM
126,2136,0.35,0,1.5,19,0,46.93,MEDIUM
78,3064,0.51,1,3.0,6,0,43.53,MEDIUM
108,8009,0.97,1,1.0,46,0,64.59,MEDIUM
149,13987,0.99,1,4.8,52,1,92.35,HIGH
34,5543,0.86,0,2.7,38,1,54.81,MEDIUM
132,2007,0.93,1,2.6,49,1,83.69,HIGH
62,6445,0.9,0,2.6,42,0,47.21,MEDIUM
66,11706,0.88,3,1.3,28,1,71.24,HIGH
48,15749,0.76,1,3.6,1,0,47.36,MEDIUM
118,12718,0.72,1,3.9,35,0,67.54,MEDIUM
51,22736,0.62,0,3.7,40,0,45.63,MEDIUM
131,10439,0.68,0,1.6,8,1,65.84,MEDIUM
142,14281,0.74,1,3.3,59,0,72.76,HIGH
84,29478,0.87,1,3.3,52,1,79.42,HIGH
85,2435,0.64,2,4.5,54,1,69.59,MEDIUM
18,1571,0.6,1,1.1,47,0,35.37,LOW
83,3382,0.66,0,2.5,56,0,53.0,MEDIUM
16,26821,0.76,1,1.0,7,1,44.41,MEDIUM
146,27660,0.8,3,3.5,11,1,95.36,HIGH
36,6084,0.89,3,2.9,39,1,67.98,MEDIUM
131,17661,0.37,3,2.8,4,1,76.95,HIGH
14,14507,0.99,2,1.4,25,1,59.95,MEDIUM
38,8059,0.62,0,4.4,12,1,44.43,MEDIUM
92,19271,0.99,1,2.8,26,0,67.16,MEDIUM
145,13771,0.8,0,4.8,38,1,88.69,HIGH
118,18649,0.95,2,3.0,46,1,89.74,HIGH
74,8491,0.39,3,4.8,12,1,64.41,MEDIUM
95,15527,0.89,2,4.3,43,1,90.17,HIGH
80,18424,0.8,1,2.4,51,0,60.48,MEDIUM
54,15859,0.83,1,4.5,53,0,59.27,MEDIUM
141,26493,0.65,3,1.4,37,1,89.58,HIGH
45,9073,0.98,2,4.7,46,1,74.75,HIGH
79,10077,0.74,3,3.5,53,1,78.69,HIGH
28,20136,0.34,0,1.2,24,0,25.09,LOW
117,25597,0.71,0,3.6,16,0,63.3,MEDIUM
100,21953,0.78,1,4.9,57,0,70.02,MEDIUM
99,12383,0.34,1,1.3,13,0,43.4,MEDIUM
28,17378,0.87,1,3.2,25,0,45.63,MEDIUM
48,23737,0.73,0,4.0,54,0,46.62,MEDIUM
135,3353,0.7,1,4.2,54,1,81.2,HIGH
135,24821,0.85,0,2.7,57,0,70.5,MEDIUM
67,5799,0.61,0,1.8,52,0,44.27,MEDIUM
70,18070,0.89,3,1.2,54,1,80.47,HIGH
136,25860,0.65,1,3.3,4,0,70.69,MEDIUM
114,22195,0.98,0,2.8,11,1,73.75,HIGH
10,12939,0.81,1,1.8,32,0,39.46,LOW
140,26338,0.84,0,1.2,49,1,80.43,HIGH
101,22730,0.67,1,3.7,7,1,62.58,MEDIUM
122,22427,0.85,1,1.1,46,1,75.77,HIGH
65,3428,0.81,3,1.7,58,1,76.4,HIGH
126,28083,0.94,0,2.8,11,1,79.04,HIGH
143,22510,0.83,1,2.8,28,0,77.18,HIGH
67,25604,0.87,1,3.7,54,0,62.31,MEDIUM
53,26482,0.9,2,4.6,41,1,69.09,MEDIUM
70,12296,0.38,3,3.6,23,1,61.41,MEDIUM
56,8813,0.89,1,4.8,45,1,66.3,MEDIUM
89,15414,0.57,1,4.5,23,0,58.15,MEDIUM
127,29575,0.95,1,3.3,50,1,87.96,HIGH
29,28570,0.68,3,4.3,28,1,71.41,HIGH
56,28082,0.76,0,3.6,43,1,65.27,MEDIUM
58,12801,0.98,2,1.3,47,1,75.59,HIGH
23,12745,0.76,0,4.0,57,0,40.46,LOW
10,27029,0.65,3,2.9,26,1,58.98,MEDIUM
126,14025,0.81,3,3.4,25,1,87.97,HIGH
63,4356,0.64,1,3.8,54,0,54.09,MEDIUM
127,26091,0.68,1,1.3,29,1,72.2,HIGH
12,15288,0.21,2,1.9,19,1,40.87,LOW
21,24650,1.0,1,4.7,33,0,50.94,MEDIUM
83,7540,0.82,1,3.5,36,0,53.94,MEDIUM
25,17422,0.31,0,2.0,14,0,28.81,LOW
111,4342,0.52,1,3.8,14,1,67.43,MEDIUM
126,10078,0.71,0,3.4,35,1,69.6,MEDIUM
17,3844,1.0,1,1.6,30,0,42.04,MEDIUM
131,11396,0.99,0,4.9,28,0,71.48,HIGH
101,18482,0.43,0,3.7,17,0,48.74,MEDIUM
99,24411,0.24,3,2.5,3,1,67.27,MEDIUM
145,19207,0.23,2,4.2,16,1,77.62,HIGH
69,28777,0.78,0,4.5,46,0,57.73,MEDIUM
37,14998,0.7,0,1.5,30,1,46.52,MEDIUM
110,14261,0.94,0,1.8,52,0,67.78,MEDIUM
50,20539,0.89,0,1.9,29,1,50.2,MEDIUM
55,4093,0.87,1,3.8,45,1,63.22,MEDIUM
44,12722,0.54,2,3.4,15,1,52.52,MEDIUM
143,23042,0.96,0,3.5,46,1,90.13,HIGH
91,21162,0.88,0,4.8,56,0,63.71,MEDIUM
124,20280,0.71,2,4.1,25,1,79.88,HIGH
56,12645,0.88,0,1.5,51,1,60.19,MEDIUM
19,16083,0.72,1,2.1,38,0,37.34,LOW
65,29087,0.9,3,2.7,42,1,78.76,HIGH
39,1988,0.85,1,2.6,59,0,57.49,MEDIUM
118,21500,0.63,0,3.7,47,0,65.29,MEDIUM
14,7446,0.81,2,1.2,53,1,54.58,MEDIUM
128,17335,0.74,2,2.2,54,1,85.24,HIGH
42,29602,0.73,0,3.2,52,0,50.11,MEDIUM
127,21563,0.84,0,4.2,58,0,75.07,HIGH
74,17133,0.73,1,2.7,38,0,55.65,MEDIUM
20,2682,0.64,0,1.7,23,1,38.56,LOW
94,6626,0.91,1,2.9,25,0,57.35,MEDIUM
35,8424,0.63,0,1.2,42,0,29.39,LOW
72,13857,0.51,1,4.8,7,0,47.95,MEDIUM
95,13155,0.86,1,1.3,22,1,66.22,MEDIUM
68,18317,0.83,1,2.8,17,0,55.41,MEDIUM
36,20982,0.7,1,3.1,18,1,54.14,MEDIUM
107,12425,0.86,3,4.9,49,1,89.95,HIGH
114,2980,0.92,0,1.7,41,0,61.99,MEDIUM
108,16522,0.32,2,1.5,10,1,60.72,MEDIUM
138,27431,0.78,0,1.0,10,0,67.81,MEDIUM
64,20440,0.87,0,1.6,57,1,63.72,MEDIUM
15,9984,0.47,1,2.2,7,1,32.77,LOW
104,18175,0.8,1,3.5,48,0,73.39,HIGH
142,16883,0.98,1,1.9,50,0,76.93,HIGH
111,27385,0.72,1,1.1,38,0,59.83,MEDIUM
12,6390,0.61,1,2.1,27,1,48.89,MEDIUM
32,24019,0.77,0,2.5,52,1,54.69,MEDIUM
62,19639,0.61,0,2.4,33,0,45.55,MEDIUM
92,20994,0.53,0,2.2,1,0,46.15,MEDIUM
94,2607,0.98,0,4.9,44,1,74.17,HIGH
87,22563,0.68,2,1.7,53,1,71.77,HIGH
119,7573,0.92,3,4.6,34,1,91.96,HIGH
10,18368,0.98,0,2.6,4,0,40.38,LOW
60,6776,0.38,0,1.3,17,1,41.28,MEDIUM
13,4676,0.52,1,3.0,4,0,32.49,LOW
122,4380,0.91,1,2.1,43,1,79.33,HIGH
41,9711,0.69,2,1.4,54,1,57.59,MEDIUM
43,9782,0.85,1,4.3,26,0,46.64,MEDIUM
101,18434,0.69,0,3.8,4,0,55.41,MEDIUM
104,14997,0.38,1,3.5,1,0,54.98,MEDIUM
81,21017,0.88,0,1.6,7,1,56.99,MEDIUM
48,7342,0.62,1,2.9,30,1,55.44,MEDIUM
127,18343,0.79,0,4.1,50,1,75.82,HIGH
12,7059,0.73,0,1.5,9,0,24.99,LOW
132,9884,0.61,0,2.2,35,1,70.19,MEDIUM
59,6655,0.28,1,1.0,8,0,25.76,LOW
21,13091,0.89,0,1.7,24,0,36.41,LOW
63,21857,0.57,1,4.5,19,0,47.62,MEDIUM
142,20330,0.97,1,2.8,36,1,90.61,HIGH
66,16251,0.99,1,4.9,50,1,75.49,HIGH
121,25109,0.69,1,2.6,52,0,72.08,HIGH
56,1526,0.68,1,3.9,59,1,62.04,MEDIUM
94,4224,0.9,0,2.1,43,0,53.2,MEDIUM
75,16069,0.7,0,2.5,27,0,43.25,MEDIUM
84,27829,0.96,0,1.8,32,1,61.85,MEDIUM
112,12536,0.6,0,2.4,14,0,53.68,MEDIUM
47,29541,0.83,0,3.2,57,0,59.55,MEDIUM
59,14547,0.9,2,5.0,18,1,73.44,HIGH
107,19259,0.74,0,3.7,28,0,64.75,MEDIUM
91,2763,0.93,1,1.8,29,0,62.77,MEDIUM
39,9712,0.8,0,1.2,16,0,34.45,LOW
88,6797,0.8,0,1.5,35,0,55.07,MEDIUM
100,10208,0.96,0,3.3,47,0,62.75,MEDIUM
61,24483,0.97,0,4.1,59,0,58.85,MEDIUM
88,6109,0.67,0,4.8,59,0,57.49,MEDIUM
39,24028,0.6,3,1.1,31,1,59.72,MEDIUM
115,17500,0.96,0,3.1,4,1,74.16,HIGH
60,3433,0.99,1,2.9,37,0,54.6,MEDIUM
90,22847,0.8,0,3.6,17,0,58.34,MEDIUM
142,17967,0.96,2,3.2,39,1,97.07,HIGH
38,25970,0.62,0,3.7,48,1,54.52,MEDIUM
141,21172,0.93,1,3.6,46,1,96.59,HIGH
147,28344,0.78,2,1.5,26,1,91.26,HIGH
83,5167,0.7,2,4.2,48,1,77.83,HIGH
26,29436,0.95,0,1.5,39,0,43.71,MEDIUM
93,25849,0.68,3,3.8,41,1,83.93,HIGH
78,27589,0.5,1,2.7,4,1,58.71,MEDIUM
43,18773,0.98,0,3.1,30,1,58.81,MEDIUM
15,29142,0.68,0,2.0,30,0,32.49,LOW
62,9357,0.27,1,4.6,22,0,33.94,LOW
135,27143,0.55,1,4.3,11,0,68.97,MEDIUM
52,7154,0.36,0,3.0,2,0,32.5,LOW
124,22804,0.85,0,3.9,44,0,66.59,MEDIUM
120,9920,0.28,1,3.1,12,0,53.3,MEDIUM
89,19427,0.69,3,4.5,30,1,79.14,HIGH
104,21581,0.82,1,2.6,36,0,64.24,MEDIUM
127,20880,0.42,1,4.9,18,0,66.81,MEDIUM
17,18162,0.87,1,2.8,26,1,50.25,MEDIUM
141,1213,0.68,0,4.0,53,0,65.41,MEDIUM
113,4762,0.36,3,2.1,7,1,73.63,HIGH
141,14399,0.92,2,1.5,1,1,83.12,HIGH
34,10768,0.81,0,4.4,58,0,51.6,MEDIUM
105,11640,0.79,0,1.7,26,1,60.25,MEDIUM
102,7731,0.65,1,4.4,23,1,65.6,MEDIUM
70,28512,0.63,2,3.0,26,1,64.69,MEDIUM
131,20501,0.93,2,2.6,45,1,89.58,HIGH
60,6791,0.49,1,4.6,6,0,39.16,LOW
30,16822,0.92,1,3.4,6,1,56.83,MEDIUM
14,9783,0.73,0,2.6,44,0,36.32,LOW
101,14621,0.61,1,3.2,8,1,62.6,MEDIUM
70,17019,0.68,1,2.5,24,1,58.2,MEDIUM
31,3720,0.23,1,4.1,22,1,38.5,LOW
79,9905,0.49,1,2.0,19,0,41.84,MEDIUM
10,10127,0.83,1,2.0,37,0,30.63,LOW
142,23431,0.86,1,4.6,18,0,77.16,HIGH
21,29913,0.81,0,2.3,31,1,47.95,MEDIUM
99,25416,0.81,2,3.9,37,1,81.18,HIGH
55,17385,0.64,0,3.3,30,1,50.42,MEDIUM
43,7368,0.77,1,2.4,57,1,61.89,MEDIUM
87,28424,0.78,0,5.0,42,0,69.09,MEDIUM
54,15056,0.89,2,1.1,33,1,62.66,MEDIUM
82,13236,0.46,1,2.0,10,0,48.68,MEDIUM
35,19333,0.94,0,3.1,37,1,58.0,MEDIUM
56,24116,0.59,1,3.1,12,0,45.47,MEDIUM
130,15451,0.82,0,3.4,54,0,69.19,MEDIUM
65,25217,0.63,1,4.0,30,1,63.03,MEDIUM
103,18301,0.69,2,3.5,27,1,80.24,HIGH
116,20558,0.67,1,3.4,39,0,63.07,MEDIUM
72,11433,0.98,0,1.2,9,1,57.14,MEDIUM
57,16525,0.65,1,2.5,54,1,64.83,MEDIUM
70,24398,0.3,0,1.9,21,0,38.56,LOW
90,1089,0.75,1,2.1,12,0,49.05,MEDIUM
35,19093,0.75,0,3.2,55,0,44.47,MEDIUM
45,11361,0.69,1,1.8,29,0,45.34,MEDIUM
10,17369,0.69,2,2.9,33,1,55.1,MEDIUM
17,29814,0.62,1,1.1,43,0,40.8,LOW
122,4041,0.61,1,4.8,53,0,70.06,MEDIUM
108,1105,0.98,1,4.8,15,0,70.17,MEDIUM
56,10078,0.47,2,3.4,2,1,55.39,MEDIUM
136,26003,0.64,1,4.7,52,0,80.84,HIGH
65,19279,0.67,2,4.1,39,1,68.68,MEDIUM
23,7090,0.77,0,3.4,53,0,40.96,LOW
37,25892,0.8,0,1.0,44,0,38.69,LOW
87,7082,0.66,1,4.1,54,1,66.98,MEDIUM
139,18018,0.92,1,3.8,18,0,76.73,HIGH
118,2925,0.72,1,3.5,3,0,58.22,MEDIUM
23,19440,0.45,1,4.0,7,1,43.79,MEDIUM
65,7917,0.77,1,3.1,43,0,59.19,MEDIUM
124,20528,0.86,0,3.8,18,0,70.56,MEDIUM
16,27846,0.74,0,2.9,44,0,45.75,MEDIUM
12,27015,0.67,1,1.1,38,0,41.62,MEDIUM
120,1552,0.6,3,3.8,37,1,90.59,HIGH
116,26291,0.79,0,2.9,58,0,68.5,MEDIUM
27,22767,0.87,3,3.7,33,1,66.56,MEDIUM
47,4911,0.69,1,4.1,44,0,46.54,MEDIUM
124,27289,0.65,3,1.2,59,1,91.78,HIGH
24,4389,0.95,1,3.6,31,0,47.41,MEDIUM
128,26683,0.71,2,1.9,58,1,86.63,HIGH
37,14629,0.35,1,3.7,11,0,32.6,LOW
48,29782,0.69,0,2.9,4,1,48.83,MEDIUM
26,25826,0.69,3,4.1,59,1,70.83,MEDIUM
95,3430,0.66,0,1.5,18,0,43.3,MEDIUM
135,27630,0.79,3,3.5,4,1,91.02,HIGH
53,1458,0.94,1,2.1,49,0,58.05,MEDIUM
34,14395,0.93,1,4.4,34,0,46.41,MEDIUM
22,1207,0.78,1,4.7,29,0,39.31,LOW
34,1899,0.22,0,5.0,24,0,29.91,LOW
77,12653,0.79,0,4.2,22,0,56.69,MEDIUM
147,28961,0.29,2,4.0,2,1,75.17,HIGH
76,17405,0.8,0,1.9,44,0,46.02,MEDIUM
118,9601,0.2,1,2.3,6,0,50.74,MEDIUM
120,1894,0.69,0,2.9,42,0,57.2,MEDIUM
120,1514,0.63,1,4.1,25,0,61.84,MEDIUM
43,24678,0.83,0,4.7,55,0,53.81,MEDIUM
120,22288,0.64,1,1.8,57,0,64.49,MEDIUM
17,25251,0.26,3,2.1,21,1,44.26,MEDIUM
122,5109,0.78,0,3.8,55,1,74.04,HIGH
92,14258,0.98,0,3.4,59,0,70.86,MEDIUM
51,16313,0.89,1,1.8,16,1,61.93,MEDIUM
110,16349,0.98,1,1.2,31,0,68.23,MEDIUM
15,8179,0.49,0,2.8,14,0,18.37,LOW
35,11326,0.7,0,3.6,39,0,42.73,MEDIUM
73,12787,0.85,0,1.8,28,0,50.79,MEDIUM
68,28532,0.79,1,3.2,32,0,53.4,MEDIUM
118,2560,0.95,2,4.4,28,1,87.41,HIGH
130,14612,0.71,1,4.3,51,1,86.85,HIGH
42,18650,0.6,2,4.7,55,1,67.66,MEDIUM
30,27745,0.67,0,2.5,49,1,48.72,MEDIUM
79,21022,0.25,0,2.3,9,0,35.14,LOW
121,26325,0.74,0,4.0,58,1,81.59,HIGH
13,20811,0.73,0,1.5,45,0,34.55,LOW
103,5780,0.9,2,1.4,22,1,78.98,HIGH
84,19311,0.92,0,2.1,32,1,67.08,MEDIUM
71,29380,0.34,2,2.7,5,1,59.07,MEDIUM
103,12894,0.51,3,2.2,23,1,75.75,HIGH
104,3356,0.5,0,2.3,5,0,41.15,MEDIUM
64,5790,0.87,0,2.2,42,1,59.47,MEDIUM
146,27911,0.72,1,1.2,53,1,83.04,HIGH
140,17690,0.78,0,3.5,32,0,72.09,HIGH
40,25363,0.64,1,3.4,59,0,51.84,MEDIUM
49,21049,0.84,0,3.6,10,1,54.54,MEDIUM
45,11181,0.96,0,1.8,59,0,45.53,MEDIUM
15,8057,0.97,1,1.9,39,0,39.07,LOW
75,17082,0.99,1,3.5,58,0,67.69,MEDIUM
84,1661,0.22,1,3.4,15,1,48.65,MEDIUM
13,5644,0.97,1,1.6,7,0,39.59,LOW
88,16711,0.95,1,2.4,29,1,67.48,MEDIUM
143,25887,0.67,0,4.7,59,1,89.41,HIGH
127,3920,0.62,3,2.4,47,1,86.68,HIGH
122,26658,0.86,0,2.8,3,1,72.35,HIGH
103,17002,0.76,1,3.7,19,0,67.6,MEDIUM
71,28547,0.87,0,3.2,10,1,64.53,MEDIUM
88,15025,0.83,0,2.4,28,0,52.58,MEDIUM
145,9946,0.97,1,2.7,29,1,86.97,HIGH
35,29706,0.65,1,4.2,15,0,39.21,LOW
53,13732,0.67,0,2.1,35,1,54.7,MEDIUM
142,7236,0.63,1,1.6,6,0,60.55,MEDIUM
79,17309,0.71,0,2.3,12,1,50.56,MEDIUM
127,23462,0.6,1,4.4,47,1,77.57,HIGH
77,14518,0.92,1,1.4,38,0,60.54,MEDIUM
28,1352,0.3,0,5.0,13,1,41.49,MEDIUM
29,26478,0.63,3,3.2,29,1,62.78,MEDIUM
122,29464,0.41,3,4.9,19,1,79.87,HIGH
149,8005,0.24,1,4.8,3,0,55.24,MEDIUM
56,15036,0.65,1,2.8,8,1,58.55,MEDIUM
10,17542,0.43,2,2.9,8,1,44.23,MEDIUM
99,27553,0.77,0,1.7,55,0,58.79,MEDIUM
73,1956,0.87,0,2.0,58,0,51.29,MEDIUM
47,3071,0.38,1,3.8,20,0,39.33,LOW
46,9595,0.69,1,2.1,47,0,48.37,MEDIUM
135,16140,0.68,1,2.4,4,0,60.88,MEDIUM
148,13803,0.63,0,2.8,51,1,74.64,HIGH
109,28355,0.9,0,4.7,21,1,73.28,HIGH
86,26963,0.9,1,1.8,3,1,65.69,MEDIUM
12,4453,0.91,0,2.6,45,0,36.3,LOW
143,7675,0.47,3,1.2,8,1,82.11,HIGH
19,1955,0.99,0,2.4,23,0,36.53,LOW
14,7295,0.7,0,2.2,16,0,25.15,LOW
147,16921,0.63,0,2.1,13,1,67.61,MEDIUM
139,19096,0.87,0,1.7,3,0,62.66,MEDIUM
22,16282,0.85,0,2.2,48,0,35.33,LOW
139,5703,0.54,3,1.5,9,1,78.28,HIGH
93,7563,0.41,1,4.8,14,0,47.33,MEDIUM
74,26849,0.83,0,4.1,13,0,56.9,MEDIUM
72,23015,1.0,2,2.8,53,1,80.35,HIGH
110,13003,0.74,0,4.5,57,0,71.86,HIGH
82,11817,0.4,1,2.0,7,0,41.64,MEDIUM
26,27958,0.38,3,3.9,15,1,45.85,MEDIUM
18,27017,0.59,1,2.6,7,1,48.93,MEDIUM
47,12171,0.62,2,2.4,38,1,61.08,MEDIUM
103,27373,0.89,2,4.0,34,1,87.18,HIGH
104,13582,0.81,0,2.2,41,0,55.83,MEDIUM
58,13201,0.89,0,2.2,22,0,46.3,MEDIUM
78,18778,0.25,2,1.4,24,1,55.53,MEDIUM
71,13473,0.69,0,2.8,49,0,49.26,MEDIUM
87,10461,0.91,1,3.9,37,0,59.22,MEDIUM
126,22116,0.68,2,4.8,44,1,96.32,HIGH
129,21098,0.27,1,3.4,1,1,66.62,MEDIUM
146,16596,0.93,0,4.5,10,0,74.0,HIGH
85,1529,0.7,0,4.3,43,1,67.97,MEDIUM
44,29199,0.31,0,1.7,16,1,40.86,LOW
10,20342,0.64,1,1.8,46,1,45.02,MEDIUM
49,25288,0.33,1,1.5,8,0,37.24,LOW
73,28490,0.76,2,3.7,56,1,79.88,HIGH
69,20975,0.77,1,4.8,49,0,59.68,MEDIUM
73,27723,0.81,0,1.5,25,0,51.78,MEDIUM
102,24279,0.88,0,3.9,50,0,65.72,MEDIUM
81,13765,0.71,1,3.5,12,1,64.49,MEDIUM
20,14910,0.96,3,3.3,25,1,68.39,MEDIUM
114,12561,0.31,0,2.6,17,1,59.99,MEDIUM
23,10131,0.66,0,2.4,26,1,40.53,LOW
69,1525,0.62,3,1.2,46,1,68.37,MEDIUM
39,23861,0.61,0,1.9,48,0,45.63,MEDIUM
44,17385,0.41,0,1.1,14,0,27.63,LOW
14,1374,0.66,1,1.9,41,0,35.75,LOW
92,27916,0.86,3,1.4,36,1,87.93,HIGH
132,13197,0.89,0,4.5,57,0,76.69,HIGH
87,28628,0.42,1,3.1,23,0,46.77,MEDIUM
71,5648,0.91,3,3.8,43,1,78.01,HIGH
141,3365,0.91,1,2.6,6,1,81.67,HIGH
98,18909,0.7,1,3.2,47,0,64.56,MEDIUM
51,2646,0.23,1,4.8,5,0,34.73,LOW
98,1013,0.72,3,1.3,43,1,83.19,HIGH
49,5599,0.79,1,2.0,25,1,53.74,MEDIUM
81,3278,0.39,2,4.1,18,1,61.17,MEDIUM
48,15296,0.58,2,1.4,13,1,47.66,MEDIUM
113,4155,0.63,1,1.3,43,0,62.16,MEDIUM
23,9321,0.58,1,2.4,14,0,31.15,LOW
41,4814,0.84,2,1.4,28,1,62.14,MEDIUM
134,14125,0.58,0,3.3,18,0,62.27,MEDIUM
106,4216,0.99,1,1.9,59,0,76.58,HIGH
32,28514,0.74,2,4.6,57,1,70.47,MEDIUM
72,29504,0.9,1,4.1,28,0,61.26,MEDIUM
62,27616,0.8,0,3.8,51,0,56.25,MEDIUM
113,25603,0.65,0,3.5,56,0,61.46,MEDIUM
113,3113,0.83,3,4.5,27,1,88.47,HIGH
48,26828,0.72,1,1.9,32,1,57.02,MEDIUM
143,21740,0.61,1,4.5,47,0,75.1,HIGH
76,11238,0.43,3,4.2,9,1,63.49,MEDIUM
144,14760,0.85,3,4.0,40,1,99.37,HIGH
51,22927,0.94,1,3.2,32,1,68.36,MEDIUM
24,21939,0.37,1,2.0,20,0,25.58,LOW
120,29599,0.74,0,2.7,28,0,60.47,MEDIUM
42,13588,0.76,1,4.2,33,1,60.39,MEDIUM
47,24446,0.42,1,1.1,4,0,26.67,LOW
106,4374,0.96,0,4.1,46,0,71.48,HIGH
42,7430,0.93,0,2.0,57,0,45.28,MEDIUM
95,20850,0.89,1,1.6,34,0,59.61,MEDIUM
75,20465,0.7,0,1.5,48,0,48.9,MEDIUM
19,12970,0.9,3,2.5,3,1,60.06,MEDIUM
14,1629,0.96,1,1.7,26,0,37.77,LOW
132,17653,0.22,1,1.9,8,0,54.09,MEDIUM
83,11831,0.74,1,5.0,6,0,58.12,MEDIUM
106,27569,0.24,2,3.3,16,1,63.12,MEDIUM
127,6724,0.56,1,1.6,24,1,66.99,MEDIUM
47,23281,0.66,0,3.8,48,1,51.99,MEDIUM
56,12083,0.85,0,4.6,39,0,48.35,MEDIUM
118,14149,0.61,0,4.0,30,1,70.54,MEDIUM
24,20816,0.86,0,1.3,45,1,47.49,MEDIUM
145,10472,0.91,0,4.6,13,1,87.13,HIGH
14,7276,0.74,0,1.1,5,1,36.25,LOW
56,16635,0.71,1,1.6,25,0,42.14,MEDIUM
77,6895,0.74,1,1.2,20,1,55.75,MEDIUM
85,14994,0.78,1,3.2,54,1,75.66,HIGH
139,24499,0.77,0,1.6,18,0,63.35,MEDIUM
104,24040,0.74,1,4.3,47,0,71.73,HIGH
124,11552,0.78,1,2.4,18,1,73.63,HIGH
45,17959,0.89,1,4.7,2,0,49.21,MEDIUM
35,24413,0.2,2,3.3,10,1,48.87,MEDIUM
52,7099,0.67,0,1.7,55,0,39.89,LOW
36,10499,0.85,1,1.6,45,0,48.24,MEDIUM
78,20576,0.95,0,3.3,50,1,69.8,MEDIUM
20,4178,0.98,1,4.0,47,0,52.81,MEDIUM
83,23436,0.41,3,4.1,12,1,74.97,HIGH
113,20118,0.68,0,2.1,47,0,58.34,MEDIUM
47,7116,0.84,3,1.8,13,1,62.73,MEDIUM
143,16563,0.89,0,1.1,50,0,72.18,HIGH
32,27788,0.87,0,3.7,47,0,45.12,MEDIUM
56,27928,0.74,1,1.3,57,0,57.69,MEDIUM
99,4568,0.61,0,2.7,55,0,58.67,MEDIUM
55,10847,0.92,0,3.4,11,0,43.83,MEDIUM
116,27155,0.52,3,4.7,19,1,78.57,HIGH
149,15135,0.88,1,2.2,35,0,72.69,HIGH
113,19587,0.98,2,2.0,39,1,82.1,HIGH
120,18774,0.85,2,3.6,53,1,91.62,HIGH
113,2742,0.77,3,3.5,26,1,88.46,HIGH
69,19309,0.81,0,2.3,46,0,54.27,MEDIUM
109,1619,0.91,0,4.7,14,1,71.03,HIGH
77,18658,0.68,1,4.4,54,0,61.98,MEDIUM
142,18340,0.9,0,1.9,45,1,78.69,HIGH
129,2939,0.9,2,2.0,44,1,89.08,HIGH
46,21337,0.29,1,3.0,24,1,47.85,MEDIUM
81,27957,0.66,1,4.1,41,1,72.61,HIGH
136,17001,0.34,1,1.2,1,1,60.42,MEDIUM
115,1968,0.95,1,3.8,51,0,72.54,HIGH
101,15846,0.71,0,3.6,43,1,71.2,HIGH
40,26892,0.99,0,1.9,55,1,65.16,MEDIUM
131,26619,0.86,0,3.7,22,0,67.12,MEDIUM
146,1281,0.99,1,4.8,23,0,81.83,HIGH
60,28420,0.75,0,1.2,56,0,46.68,MEDIUM
38,16360,0.67,1,2.3,54,1,62.76,MEDIUM
49,7262,0.63,0,2.8,19,1,46.29,MEDIUM
50,2058,0.56,1,4.6,18,1,55.64,MEDIUM
20,21677,0.27,3,4.8,12,1,51.9,MEDIUM
10,11724,0.74,2,1.1,55,1,61.02,MEDIUM
55,29404,0.78,2,4.0,28,1,70.55,MEDIUM
110,6178,0.63,0,3.1,28,0,53.03,MEDIUM
99,7980,0.83,0,3.2,59,0,63.87,MEDIUM
119,10200,0.84,2,2.1,33,1,83.28,HIGH
66,2229,0.85,3,1.9,19,1,69.26,MEDIUM
10,26611,0.9,3,1.2,28,1,57.31,MEDIUM
72,21969,0.61,1,3.2,59,1,65.21,MEDIUM
64,9467,0.82,0,1.1,52,1,60.56,MEDIUM
124,20124,0.62,0,4.6,49,0,60.83,MEDIUM
62,3289,0.88,1,1.6,37,0,51.0,MEDIUM
146,2239,0.62,3,1.9,26,1,88.02,HIGH
66,6370,0.96,1,3.1,35,0,57.63,MEDIUM
126,17170,0.88,3,3.8,34,1,100.0,HIGH
44,1125,0.8,2,1.4,35,1,53.98,MEDIUM
72,29641,0.78,2,2.3,40,1,69.66,MEDIUM
34,13504,0.56,0,4.9,16,0,29.78,LOW
99,24857,0.65,0,2.0,38,0,60.41,MEDIUM
84,29444,0.81,1,2.3,13,1,64.38,MEDIUM
47,26784,0.28,1,4.3,23,0,33.86,LOW
139,16398,0.72,0,1.2,54,0,63.87,MEDIUM
144,22726,0.21,1,2.9,22,1,64.58,MEDIUM
100,24735,0.5,1,2.5,16,0,51.8,MEDIUM
26,7638,0.95,0,2.3,28,0,40.32,LOW
137,7570,0.96,0,2.1,48,1,83.2,HIGH
117,4249,0.6,0,1.4,35,1,62.41,MEDIUM
34,10110,0.84,1,2.3,45,0,47.44,MEDIUM
97,8595,0.89,3,1.2,46,1,80.34,HIGH
38,14605,0.72,1,4.1,8,0,39.56,LOW
72,13115,0.85,1,2.6,44,1,62.48,MEDIUM
123,7294,0.63,0,2.8,55,1,70.35,MEDIUM
58,23911,0.69,0,4.6,55,1,63.04,MEDIUM
90,6757,0.47,3,3.6,22,1,69.45,MEDIUM
93,13595,0.61,1,1.0,21,0,45.26,MEDIUM
114,2969,0.7,3,4.8,26,1,85.55,HIGH
127,11985,0.93,2,1.9,40,1,91.49,HIGH
95,18275,0.51,0,1.4,21,1,54.85,MEDIUM
72,5470,0.79,0,4.1,25,0,48.78,MEDIUM
113,24559,0.79,0,3.0,41,0,63.65,MEDIUM
58,11225,0.28,0,2.7,1,1,35.42,LOW
80,10556,0.88,1,2.0,6,1,59.98,MEDIUM
10,25704,0.62,0,2.7,23,1,42.06,MEDIUM
132,10206,0.97,0,2.1,51,1,83.6,HIGH
71,10991,0.66,2,4.6,23,1,68.11,MEDIUM
41,24196,0.85,0,1.9,43,1,49.46,MEDIUM
38,8519,0.96,0,4.5,43,0,51.29,MEDIUM
58,14669,0.33,3,3.2,23,1,66.0,MEDIUM
39,5612,0.78,0,4.3,32,1,52.76,MEDIUM
28,27094,0.66,0,3.9,30,1,49.33,MEDIUM
27,13373,0.98,2,3.8,13,1,60.19,MEDIUM
10,18582,0.97,3,1.9,43,1,66.23,MEDIUM
87,29449,0.31,1,1.9,18,1,53.4,MEDIUM
124,16552,0.28,0,1.8,23,0,50.6,MEDIUM
122,15646,0.37,0,4.4,15,0,51.17,MEDIUM
123,6238,0.78,1,4.3,33,0,70.76,MEDIUM
72,16577,0.53,1,2.8,21,0,47.35,MEDIUM
141,28050,0.67,1,1.5,57,0,77.42,HIGH
138,23473,0.72,1,2.5,39,0,73.1,HIGH
17,29061,0.32,0,2.4,23,1,39.02,LOW
64,23641,0.62,2,2.8,27,1,65.02,MEDIUM
112,29625,0.79,2,4.1,45,1,86.63,HIGH
140,16504,0.94,1,5.0,44,1,92.46,HIGH
41,25089,0.5,2,1.8,18,1,50.5,MEDIUM
19,4719,0.5,0,1.8,24,1,36.75,LOW
119,1302,0.97,1,2.7,51,0,70.17,MEDIUM
133,13144,0.97,0,2.2,47,1,81.26,HIGH
96,18370,0.65,1,1.8,40,0,60.17,MEDIUM
64,11055,0.75,1,1.3,51,0,56.41,MEDIUM
41,5440,0.61,2,4.5,42,1,62.1,MEDIUM
144,22293,0.69,0,2.7,7,1,75.63,HIGH
102,4072,0.94,0,3.0,50,1,75.34,HIGH
17,14598,0.74,0,1.5,48,1,43.99,MEDIUM
74,15287,0.98,0,4.1,20,1,72.82,HIGH
66,14965,0.85,1,1.5,27,1,60.32,MEDIUM
76,20508,0.98,1,3.3,6,1,69.35,MEDIUM
81,10519,0.89,0,2.8,27,0,58.09,MEDIUM
63,14380,0.63,3,4.2,9,1,72.7,HIGH
76,27984,0.77,0,3.9,53,1,68.24,MEDIUM
60,12865,0.72,1,3.8,45,0,57.25,MEDIUM
106,9125,0.98,0,2.4,57,1,75.05,HIGH
101,4291,0.99,2,4.2,31,1,82.23,HIGH
17,5033,0.86,0,1.7,21,0,29.42,LOW
44,6105,0.72,3,1.6,26,1,64.19,MEDIUM
105,18087,0.79,3,2.3,40,1,86.8,HIGH
97,9133,0.99,2,1.3,48,1,78.47,HIGH
87,17958,0.6,0,1.9,45,1,60.8,MEDIUM
41,6704,0.39,2,4.3,13,1,59.51,MEDIUM
129,28808,0.77,3,4.8,49,1,100.0,HIGH
55,8848,0.64,1,2.2,23,0,41.22,MEDIUM
64,22592,0.33,0,2.1,20,1,47.84,MEDIUM
16,13975,0.64,2,2.6,37,1,50.16,MEDIUM
83,7924,0.8,1,2.1,54,0,50.55,MEDIUM
16,28208,0.61,0,2.3,53,0,35.97,LOW
94,21212,0.76,3,4.7,28,1,88.97,HIGH
121,20614,0.37,1,1.9,17,0,58.13,MEDIUM
134,1488,0.69,3,2.7,28,1,86.7,HIGH
45,8114,0.81,3,1.0,41,1,64.24,MEDIUM
38,26923,0.44,0,4.4,2,0,35.1,LOW
91,29257,1.0,1,3.9,25,1,77.88,HIGH
11,16740,0.92,0,2.9,58,1,51.22,MEDIUM
138,4173,0.94,1,4.1,50,0,82.51,HIGH
56,2667,0.85,0,2.3,41,0,44.82,MEDIUM
20,27213,0.32,1,2.0,6,0,30.36,LOW
139,5114,0.88,0,3.8,11,0,64.99,MEDIUM
128,4553,0.62,3,2.5,57,1,92.91,HIGH
149,8761,0.68,0,3.3,38,0,62.94,MEDIUM
29,2000,0.31,1,1.0,6,0,20.33,LOW
14,16638,0.97,1,2.4,45,0,46.33,MEDIUM
46,26426,0.68,0,3.1,11,0,34.36,LOW
146,18772,0.48,1,3.3,14,0,57.3,MEDIUM
62,6450,0.57,0,4.0,2,1,43.09,MEDIUM
108,4712,0.75,0,1.5,40,0,54.58,MEDIUM
95,2367,0.8,3,3.1,3,1,74.95,HIGH
117,9189,0.64,1,1.8,55,0,64.48,MEDIUM
33,10013,0.88,0,1.4,53,0,41.91,MEDIUM
90,17838,0.72,1,2.6,35,0,59.52,MEDIUM
129,27200,0.71,0,1.7,33,0,61.08,MEDIUM
68,20156,0.23,1,1.9,24,0,40.32,LOW
137,4726,0.98,0,2.3,19,0,68.69,MEDIUM
123,24616,0.96,0,2.0,18,0,64.16,MEDIUM
124,28723,1.0,1,1.4,49,0,77.06,HIGH
